Rk,Player,WAR,Season,Player-additional
1,Babe Ruth,14.1,1923,ruthba01
2,Babe Ruth,12.8,1921,ruthba01
3,Babe Ruth,12.6,1927,ruthba01
4,Carl Yastrzemski,12.5,1967,yastrca01
5,Rogers Hornsby,12.1,1924,hornsro01
6,Lou Gehrig,11.9,1927,gehrilo01
7,Babe Ruth,11.9,1920,ruthba01
8,Barry Bonds,11.9,2001,bondsba01
9,Barry Bonds,11.8,2002,bondsba01
10,Cal Ripken Jr.,11.5,1991,ripkeca01
11,Honus Wagner,11.5,1908,wagneho01
12,Babe Ruth,11.4,1926,ruthba01
13,Babe Ruth,11.4,1924,ruthba01
14,Ty Cobb,11.3,1917,cobbty01
15,Mickey Mantle,11.3,1957,mantlmi01
16,Stan Musial,11.3,1948,musiast01
17,Willie Mays,11.2,1965,mayswi01
18,Mickey Mantle,11.2,1956,mantlmi01
19,Willie Mays,11.0,1964,mayswi01
20,Joe Morgan,11.0,1975,morgajo02
21,Rogers Hornsby,10.8,1921,hornsro01
22,Aaron Judge,10.8,2024,judgeaa01
23,Mookie Betts,10.7,2018,bettsmo01
24,Ty Cobb,10.7,1911,cobbty01
25,Barry Bonds,10.6,2004,bondsba01
26,Willie Mays,10.6,1963,mayswi01
27,Ted Williams,10.6,1946,willite01
28,Rogers Hornsby,10.6,1929,hornsro01
29,Robin Yount,10.6,1982,yountro01
30,Mike Trout,10.5,2012,troutmi01
31,Ty Cobb,10.5,1910,cobbty01
32,Aaron Judge,10.5,2022,judgeaa01
33,Babe Ruth,10.5,1931,ruthba01
34,Willie Mays,10.5,1962,mayswi01
35,Ted Williams,10.5,1942,willite01
36,Mike Trout,10.5,2016,troutmi01
37,Carl Yastrzemski,10.5,1968,yastrca01
38,Willie Mays,10.5,1954,mayswi01
39,Eddie Collins,10.5,1910,collied01
40,Mickey Mantle,10.4,1961,mantlmi01
41,Ted Williams,10.4,1941,willite01
42,Álex Rodríguez,10.4,2000,rodrial01
43,Lou Boudreau,10.4,1948,boudrlo01
44,Jimmie Foxx,10.4,1932,foxxji01
45,Sammy Sosa,10.3,2001,sosasa01
46,Babe Ruth,10.3,1930,ruthba01
47,Willie Mays,10.2,1958,mayswi01
48,Ernie Banks,10.2,1959,bankser01
49,Rogers Hornsby,10.2,1927,hornsro01
50,Rogers Hornsby,10.2,1925,hornsro01
51,Honus Wagner,10.2,1905,wagneho01
52,Al Rosen,10.2,1953,rosenal01
53,Babe Ruth,10.2,1928,ruthba01
54,Tris Speaker,10.2,1912,speaktr01
55,Rogers Hornsby,10.1,1922,hornsro01
56,Cal Ripken Jr.,10.0,1984,ripkeca01
57,Lou Gehrig,10.0,1934,gehrilo01
58,Nap Lajoie,10.0,1906,lajoina01
59,Tris Speaker,10.0,1914,speaktr01
60,Rico Petrocelli,10.0,1969,petrori01
61,Rickey Henderson,9.9,1990,henderi01
62,Barry Bonds,9.9,1993,bondsba01
63,Rogers Hornsby,9.9,1917,hornsro01
64,Mike Trout,9.9,2018,troutmi01
65,Rickey Henderson,9.9,1985,henderi01
66,Ty Cobb,9.9,1909,cobbty01
67,Larry Walker,9.8,1997,walkela01
68,Arky Vaughan,9.8,1935,vaughar01
69,Nap Lajoie,9.8,1910,lajoina01
70,Ron Santo,9.8,1967,santoro01
71,Mike Schmidt,9.8,1974,schmimi01
72,Barry Bonds,9.7,1990,bondsba01
73,Bryce Harper,9.7,2015,harpebr03
74,George Sisler,9.7,1920,sislege01
75,Albert Pujols,9.7,2009,pujolal01
76,Rod Carew,9.7,1977,carewro01
77,Ken Griffey Jr.,9.7,1996,griffke02
78,Eddie Collins,9.7,1909,collied01
79,Lou Gehrig,9.7,1936,gehrilo01
80,Ted Williams,9.7,1957,willite01
81,Barry Bonds,9.7,1996,bondsba01
82,Jackie Robinson,9.7,1951,robinja02
83,Joe Morgan,9.6,1976,morgajo02
84,Lou Gehrig,9.6,1930,gehrilo01
85,Rogers Hornsby,9.6,1920,hornsro01
86,Mike Trout,9.6,2015,troutmi01
87,Joe Jackson,9.6,1912,jacksjo01
88,Adrian Beltré,9.6,2004,beltrad01
89,Ted Williams,9.5,1947,willite01
90,Mickey Mantle,9.5,1955,mantlmi01
91,Mookie Betts,9.5,2016,bettsmo01
92,Ty Cobb,9.5,1915,cobbty01
93,Carl Yastrzemski,9.5,1970,yastrca01
94,Lou Gehrig,9.5,1928,gehrilo01
95,Willie Mays,9.5,1960,mayswi01
96,Stan Musial,9.5,1943,musiast01
97,Henry Aaron,9.4,1961,aaronha01
98,Álex Rodríguez,9.4,2007,rodrial01
99,George Brett,9.4,1980,brettge01
100,Álex Rodríguez,9.4,1996,rodrial01
101,Bobby Witt Jr.,9.4,2024,wittbo02
102,Frankie Frisch,9.4,1927,friscfr01
103,Craig Biggio,9.4,1997,biggicr01
104,Álex Rodríguez,9.4,2005,rodrial01
105,Eddie Collins,9.4,1915,collied01
106,Ernie Banks,9.3,1958,bankser01
107,Harry Heilmann,9.3,1923,heilmha01
108,Terry Turner,9.3,1906,turnete01
109,Stan Musial,9.3,1946,musiast01
110,Jackie Robinson,9.3,1949,robinja02
111,Joe DiMaggio,9.3,1941,dimagjo01
112,Honus Wagner,9.3,1906,wagneho01
113,Home Run Baker,9.3,1912,bakerfr01
114,Joe Morgan,9.3,1972,morgajo02
115,Joe Morgan,9.3,1973,morgajo02
116,Albert Pujols,9.2,2008,pujolal01
117,Reggie Jackson,9.2,1969,jacksre01
118,Shohei Ohtani,9.2,2024,ohtansh01
119,Honus Wagner,9.2,1909,wagneho01
120,Barry Bonds,9.2,2003,bondsba01
121,Norm Cash,9.2,1961,cashno01
122,Willie Mays,9.2,1955,mayswi01
123,Joe Jackson,9.2,1911,jacksjo01
124,Scott Rolen,9.2,2004,rolensc01
125,Ichiro Suzuki,9.2,2004,suzukic01
126,Ty Cobb,9.2,1912,cobbty01
127,Jason Giambi,9.2,2001,giambja01
128,Babe Ruth,9.1,1919,ruthba01
129,Tris Speaker,9.1,1923,speaktr01
130,Henry Aaron,9.1,1963,aaronha01
131,Ken Griffey Jr.,9.1,1997,griffke02
132,Duke Snider,9.1,1953,snidedu01
133,Wade Boggs,9.1,1985,boggswa01
134,Stan Musial,9.1,1949,musiast01
135,Gunnar Henderson,9.1,2024,hendegu01
136,Eddie Collins,9.1,1914,collied01
137,Chase Utley,9.0,2008,utleych01
138,Barry Bonds,9.0,1992,bondsba01
139,Darrell Evans,9.0,1973,evansda01
140,Honus Wagner,9.0,1907,wagneho01
141,Ted Williams,9.0,1949,willite01
142,Jimmie Foxx,9.0,1933,foxxji01
143,Eddie Collins,9.0,1913,collied01
144,Willie Mays,9.0,1966,mayswi01
145,Roberto Clemente,8.9,1967,clemero01
146,Stan Musial,8.9,1944,musiast01
147,Rogers Hornsby,8.9,1928,hornsro01
148,Lenny Dykstra,8.9,1990,dykstle01
149,Mike Trout,8.9,2013,troutmi01
150,Alex Bregman,8.9,2019,bregmal01
151,Eddie Collins,8.9,1912,collied01
152,Mel Ott,8.9,1938,ottme01
153,Ron Santo,8.9,1966,santoro01
154,Ron Santo,8.9,1964,santoro01
155,Mike Schmidt,8.9,1980,schmimi01
156,Charlie Gehringer,8.9,1934,gehrich01
157,Todd Helton,8.9,2000,heltoto01
158,Arky Vaughan,8.9,1938,vaughar01
159,Fred Lynn,8.9,1979,lynnfr01
160,Mike Schmidt,8.9,1977,schmimi01
161,Bret Boone,8.8,2001,boonebr01
162,Dan Brouthers,8.8,1892,broutda01
163,Stan Musial,8.8,1951,musiast01
164,Álex Rodríguez,8.8,2002,rodrial01
165,Snuffy Stirnweiss,8.8,1945,stirnsn01
166,Dick Allen,8.8,1964,allendi01
167,Lonnie Smith,8.8,1989,smithlo01
168,Rickey Henderson,8.8,1980,henderi01
169,Ken Griffey Jr.,8.8,1993,griffke02
170,George Stone,8.8,1906,stonege01
171,Albert Pujols,8.7,2007,pujolal01
172,Willie Mays,8.7,1961,mayswi01
173,Josh Hamilton,8.7,2010,hamiljo03
174,Frank Robinson,8.7,1962,robinfr02
175,Mickey Mantle,8.7,1958,mantlmi01
176,Jarren Duran,8.7,2024,duranja01
177,Mike Piazza,8.7,1997,piazzmi01
178,Rickey Henderson,8.7,1989,henderi01
179,George Sisler,8.7,1922,sislege01
180,Chuck Knoblauch,8.7,1996,knoblch01
181,Albert Pujols,8.7,2003,pujolal01
182,Tris Speaker,8.7,1916,speaktr01
183,Henry Aaron,8.6,1959,aaronha01
184,Cody Bellinger,8.6,2019,bellico01
185,Joe Morgan,8.6,1974,morgajo02
186,George Brett,8.6,1979,brettge01
187,Gary Carter,8.6,1982,cartega01
188,Will Clark,8.6,1989,clarkwi02
189,Lou Gehrig,8.6,1931,gehrilo01
190,Tris Speaker,8.6,1920,speaktr01
191,Ben Zobrist,8.6,2009,zobribe01
192,Dick Allen,8.6,1972,allendi01
193,Johnny Bench,8.6,1972,benchjo01
194,Charlie Gehringer,8.6,1935,gehrich01
195,Snuffy Stirnweiss,8.6,1944,stirnsn01
196,Tony Gwynn,8.6,1987,gwynnto01
197,Duke Snider,8.6,1955,snidedu01
198,Henry Aaron,8.5,1962,aaronha01
199,Willie Wilson,8.5,1980,wilsowi02
200,Nap Lajoie,8.5,1904,lajoina01
201,Ryne Sandberg,8.5,1984,sandbry01
202,Henry Aaron,8.5,1967,aaronha01
203,Álex Rodríguez,8.5,1998,rodrial01
204,Babe Ruth,8.5,1932,ruthba01
205,Joe Cronin,8.5,1930,cronijo01
206,Albert Pujols,8.5,2004,pujolal01
207,Marcus Semien,8.5,2019,semiema01
208,Albert Pujols,8.5,2006,pujolal01
209,Tris Speaker,8.5,1913,speaktr01
210,Robinson Canó,8.4,2012,canoro01
211,Wade Boggs,8.4,1989,boggswa01
212,Joe Medwick,8.4,1937,medwijo01
213,Brooks Robinson,8.4,1968,robinbr01
214,George Foster,8.4,1977,fostege01
215,Al Kaline,8.4,1961,kalinal01
216,Jackie Robinson,8.4,1952,robinja02
217,Tommy Holmes,8.4,1945,holmeto01
218,Albert Pujols,8.4,2005,pujolal01
219,Álex Rodríguez,8.4,2003,rodrial01
220,Joe DiMaggio,8.4,1937,dimagjo01
221,Jimmie Foxx,8.4,1934,foxxji01
222,Darin Erstad,8.4,2000,erstada01
223,Jacoby Ellsbury,8.3,2011,ellsbja01
224,Lou Gehrig,8.3,1935,gehrilo01
225,Nap Lajoie,8.3,1901,lajoina01
226,Álex Rodríguez,8.3,2001,rodrial01
227,David Wright,8.3,2007,wrighda03
228,Wade Boggs,8.3,1987,boggswa01
229,Willie Davis,8.3,1964,daviswi02
230,Bobby Grich,8.3,1973,grichbo01
231,Mel Ott,8.3,1932,ottme01
232,Dave Winfield,8.3,1979,winfida01
233,Mookie Betts,8.3,2023,bettsmo01
234,Paul Goldschmidt,8.3,2015,goldspa01
235,George Brett,8.3,1985,brettge01
236,Hughie Jennings,8.3,1896,jennihu01
237,John Valentin,8.3,1995,valenjo02
238,Ted Williams,8.3,1948,willite01
239,Sal Bando,8.3,1969,bandosa01
240,Wade Boggs,8.3,1988,boggswa01
241,J.D. Drew,8.3,2004,drewj.01
242,Willie Mays,8.3,1957,mayswi01
243,José Bautista,8.3,2011,bautijo02
244,Todd Helton,8.3,2004,heltoto01
245,Pete Rose,8.3,1973,rosepe01
246,Honus Wagner,8.3,1904,wagneho01
247,Joe DiMaggio,8.3,1939,dimagjo01
248,Ronald Acuña Jr.,8.2,2023,acunaro01
249,Al Kaline,8.2,1955,kalinal01
250,Eddie Stanky,8.2,1950,stanked01
251,Chase Utley,8.2,2009,utleych01
252,Dan Brouthers,8.2,1886,broutda01
253,Roberto Clemente,8.2,1968,clemero01
254,Roberto Clemente,8.2,1966,clemero01
255,Alan Trammell,8.2,1987,trammal01
256,Carlos Beltrán,8.2,2006,beltrca01
257,Cal Ripken Jr.,8.2,1983,ripkeca01
258,Jeff Bagwell,8.2,1994,bagweje01
259,Lou Gehrig,8.2,1937,gehrilo01
260,Lou Gehrig,8.2,1932,gehrilo01
261,Billy Hamilton,8.2,1894,hamilbi01
262,Barry Bonds,8.2,1997,bondsba01
263,Willie McGee,8.2,1985,mcgeewi01
264,Minnie Miñoso,8.2,1954,minosmi01
265,Roger Connor,8.2,1885,connoro01
266,Andruw Jones,8.2,2000,jonesan01
267,Evan Longoria,8.2,2010,longoev01
268,Bobby Murcer,8.2,1972,murcebo01
269,Eddie Mathews,8.2,1959,matheed01
270,Ernie Banks,8.1,1955,bankser01
271,Duke Snider,8.1,1954,snidedu01
272,Robinson Canó,8.1,2010,canoro01
273,Lou Boudreau,8.1,1943,boudrlo01
274,Barry Bonds,8.1,1998,bondsba01
275,Ralph Kiner,8.1,1947,kinerra01
276,Joey Votto,8.1,2017,vottojo01
277,Brooks Robinson,8.1,1964,robinbr01
278,Wade Boggs,8.1,1986,boggswa01
279,Johnny Callison,8.1,1963,callijo01
280,Bernard Gilkey,8.1,1996,gilkebe01
281,Ralph Kiner,8.1,1949,kinerra01
282,Willie McCovey,8.1,1969,mccovwi01
283,Babe Ruth,8.1,1929,ruthba01
284,Eddie Mathews,8.0,1953,matheed01
285,Honus Wagner,8.0,1912,wagneho01
286,Henry Aaron,8.0,1969,aaronha01
287,César Cedeño,8.0,1972,cedence01
288,Mike Schmidt,8.0,1976,schmimi01
289,Henry Aaron,8.0,1960,aaronha01
290,Ed Delahanty,8.0,1899,delahed01
291,Derek Jeter,8.0,1999,jeterde01
292,Graig Nettles,8.0,1976,nettlgr01
293,Barry Bonds,8.0,1989,bondsba01
294,Lou Boudreau,8.0,1944,boudrlo01
295,Aaron Judge,8.0,2017,judgeaa01
296,Matt Kemp,8.0,2011,kempma01
297,John McGraw,8.0,1899,mcgrajo01
298,Jimmie Foxx,8.0,1935,foxxji01
299,Chuck Klein,8.0,1933,kleinch01
300,Pete Reiser,8.0,1941,reisepe01
301,Barry Bonds,8.0,1991,bondsba01
302,Pedro Guerrero,8.0,1985,guerrpe01
303,Ralph Kiner,8.0,1951,kinerra01
304,Arky Vaughan,8.0,1936,vaughar01
305,Henry Aaron,8.0,1957,aaronha01
306,Ken Boyer,8.0,1961,boyerke01
307,Ty Cobb,8.0,1916,cobbty01
308,Eddie Mathews,8.0,1963,matheed01
309,Dustin Pedroia,8.0,2011,pedrodu01
310,Cy Seymour,8.0,1905,seymocy01
311,Eddie Collins,7.9,1920,collied01
312,Luis Gonzalez,7.9,2001,gonzalu01
313,Andrelton Simmons,7.9,2017,simmoan01
314,Giancarlo Stanton,7.9,2017,stantmi03
315,Home Run Baker,7.9,1913,bakerfr01
316,Ellis Burks,7.9,1996,burksel01
317,Mike Schmidt,7.9,1979,schmimi01
318,Juan Soto,7.9,2024,sotoju01
319,Ken Williams,7.9,1922,willike01
320,Eric Davis,7.9,1987,daviser01
321,Jim Fregosi,7.9,1964,fregoji01
322,Charlie Gehringer,7.9,1936,gehrich01
323,Nap Lajoie,7.9,1908,lajoina01
324,Willie Stargell,7.9,1971,stargwi01
325,Jose Altuve,7.9,2016,altuvjo01
326,Alex Bregman,7.9,2018,bregmal01
327,Art Devlin,7.9,1906,devliar01
328,Bill Terry,7.9,1930,terrybi01
329,Andre Dawson,7.9,1982,dawsoan01
330,Nellie Fox,7.9,1957,foxne01
331,Nap Lajoie,7.9,1903,lajoina01
332,Mike Trout,7.9,2019,troutmi01
333,Fred Dunlap,7.9,1884,dunlafr01
334,Jimmie Foxx,7.9,1929,foxxji01
335,Frank Robinson,7.9,1964,robinfr02
336,Henry Aaron,7.9,1965,aaronha01
337,Henry Aaron,7.9,1966,aaronha01
338,Ernie Banks,7.9,1960,bankser01
339,Al Simmons,7.9,1929,simmoal01
340,Marcus Giles,7.9,2003,gilesma01
341,Joe Tinker,7.9,1908,tinkejo01
342,Troy Glaus,7.8,2000,glaustr01
343,Joey Votto,7.8,2015,vottojo01
344,Johnny Bench,7.8,1974,benchjo01
345,Rod Carew,7.8,1975,carewro01
346,Joe Mauer,7.8,2009,mauerjo01
347,Chase Utley,7.8,2007,utleych01
348,Larry Walker,7.8,2001,walkela01
349,Andrew McCutchen,7.8,2013,mccutan01
350,Ryne Sandberg,7.8,1992,sandbry01
351,Al Simmons,7.8,1930,simmoal01
352,Ray Chapman,7.8,1917,chapmra01
353,Mel Ott,7.8,1936,ottme01
354,Mark Teixeira,7.8,2008,teixema01
355,Adrian Beltré,7.8,2010,beltrad01
356,Wade Boggs,7.8,1983,boggswa01
357,Matt Chapman,7.8,2019,chapmma01
358,Charlie Gehringer,7.8,1937,gehrich01
359,Reggie Jackson,7.8,1973,jacksre01
360,Willie Mays,7.8,1959,mayswi01
361,Bobby Bonds,7.8,1973,bondsbo01
362,Tony Lazzeri,7.8,1929,lazzeto01
363,Jason Giambi,7.8,2000,giambja01
364,Todd Helton,7.8,2001,heltoto01
365,John Olerud,7.8,1993,olerujo01
366,Benny Kauff,7.8,1914,kauffbe01
367,Kirby Puckett,7.8,1988,puckeki01
368,Bobby Wallace,7.8,1901,wallabo01
369,Nolan Arenado,7.7,2022,arenano01
370,Ryan Braun,7.7,2011,braunry02
371,Ted Kluszewski,7.7,1954,kluszte01
372,Derrek Lee,7.7,2005,leede02
373,Barry Bonds,7.7,2000,bondsba01
374,Dale Murphy,7.7,1987,murphda05
375,Billy Williams,7.7,1965,willibi01
376,Jim Wynn,7.7,1974,wynnji01
377,Joe Gordon,7.7,1942,gordojo01
378,Eddie Mathews,7.7,1954,matheed01
379,Tris Speaker,7.7,1910,speaktr01
380,Ichiro Suzuki,7.7,2001,suzukic01
381,Mike Trout,7.7,2014,troutmi01
382,Jim Fregosi,7.7,1970,fregoji01
383,Brooks Robinson,7.7,1967,robinbr01
384,Tris Speaker,7.7,1917,speaktr01
385,Ken Williams,7.7,1923,willike01
386,Bill Terry,7.7,1932,terrybi01
387,Chone Figgins,7.7,2009,figgich01
388,Ron Santo,7.7,1965,santoro01
389,Mike Schmidt,7.7,1981,schmimi01
390,Jose Altuve,7.7,2017,altuvjo01
391,Jeff Bagwell,7.7,1997,bagweje01
392,Paul Goldschmidt,7.7,2022,goldspa01
393,Ron Hansen,7.7,1964,hansero02
394,Frank Robinson,7.7,1966,robinfr02
395,Mike Schmidt,7.7,1975,schmimi01
396,Frank Robinson,7.7,1961,robinfr02
397,Rocky Colavito,7.6,1961,colavro01
398,Joe Jackson,7.6,1913,jacksjo01
399,Nap Lajoie,7.6,1907,lajoina01
400,Darrell Porter,7.6,1979,porteda02
401,Honus Wagner,7.6,1903,wagneho01
402,Miguel Cabrera,7.6,2011,cabremi01
403,Stan Musial,7.6,1953,musiast01
404,Jesse Barfield,7.6,1986,barfije01
405,George Brett,7.6,1977,brettge01
406,John Olerud,7.6,1998,olerujo01
407,Duke Snider,7.6,1956,snidedu01
408,Ben Zobrist,7.6,2011,zobribe01
409,Ken Caminiti,7.6,1996,caminke01
410,Chipper Jones,7.6,2007,jonesch06
411,Kenny Lofton,7.6,1993,loftoke01
412,Tim Raines,7.6,1985,raineti01
413,Doug DeCinces,7.6,1982,decindo01
414,Keith Hernandez,7.6,1979,hernake01
415,Willie Mays,7.6,1956,mayswi01
416,Álex Rodríguez,7.6,2004,rodrial01
417,Matt Chapman,7.6,2018,chapmma01
418,Carlos Gómez,7.6,2013,gomezca01
419,Jim Rice,7.6,1978,riceji01
420,Buster Posey,7.6,2012,poseybu01
421,Roger Connor,7.6,1888,connoro01
422,Curtis Granderson,7.6,2007,grandcu01
423,Hank Greenberg,7.6,1937,greenha01
424,Joe Jackson,7.5,1920,jacksjo01
425,Ted Williams,7.5,1954,willite01
426,George Brett,7.5,1976,brettge01
427,Derek Jeter,7.5,1998,jeterde01
428,Albert Pujols,7.5,2010,pujolal01
429,Frank Robinson,7.5,1969,robinfr02
430,Dick Allen,7.5,1966,allendi01
431,Barry Bonds,7.5,1995,bondsba01
432,Lou Gehrig,7.5,1929,gehrilo01
433,Mike Greenwell,7.5,1988,greenmi01
434,Hughie Jennings,7.5,1895,jennihu01
435,Al Kaline,7.5,1967,kalinal01
436,Roger Maris,7.5,1960,marisro01
437,Joe Sewell,7.5,1923,seweljo01
438,Jim Thome,7.5,1996,thomeji01
439,Johnny Mize,7.5,1947,mizejo01
440,Vada Pinson,7.5,1961,pinsova01
441,Cal Ripken Jr.,7.5,1990,ripkeca01
442,Goose Goslin,7.5,1928,gosligo01
443,Graig Nettles,7.5,1971,nettlgr01
444,Jeff Bagwell,7.5,1996,bagweje01
445,Miguel Cabrera,7.5,2013,cabremi01
446,Hank Greenberg,7.5,1935,greenha01
447,Chuck Klein,7.5,1932,kleinch01
448,Manny Machado,7.5,2015,machama01
449,Mark McGwire,7.5,1998,mcgwima01
450,Stan Musial,7.5,1952,musiast01
451,Hughie Jennings,7.5,1898,jennihu01
452,Johnny Mize,7.5,1939,mizejo01
453,Rod Carew,7.5,1974,carewro01
454,Roberto Clemente,7.5,1969,clemero01
455,Jimmie Foxx,7.5,1938,foxxji01
456,Frankie Frisch,7.5,1924,friscfr01
457,José Ramírez,7.5,2018,ramirjo01
458,Gary Carter,7.5,1984,cartega01
459,Andre Dawson,7.5,1981,dawsoan01
460,Jeff Bagwell,7.4,1999,bagweje01
461,Dave Bancroft,7.4,1921,bancrda01
462,Johnny Bench,7.4,1970,benchjo01
463,Pee Wee Reese,7.4,1949,reesepe01
464,Ken Boyer,7.4,1959,boyerke01
465,Nick Markakis,7.4,2008,markani01
466,Lefty O'Doul,7.4,1929,o'doule01
467,Roberto Alomar,7.4,1999,alomaro01
468,Vladimir Guerrero,7.4,1998,guerrvl01
469,Bob Allison,7.4,1963,allisbo01
470,Ty Cobb,7.4,1913,cobbty01
471,Nomar Garciaparra,7.4,2000,garcino01
472,Andruw Jones,7.4,1998,jonesan01
473,Fred Lynn,7.4,1975,lynnfr01
474,Tommy Harper,7.4,1970,harpeto01
475,Dickie Thon,7.4,1983,thondi01
476,Andrés Giménez,7.4,2022,gimenan01
477,Jim Thome,7.4,2002,thomeji01
478,Hack Wilson,7.4,1930,wilsoha01
479,Amos Otis,7.4,1978,otisam01
480,Mike Schmidt,7.4,1982,schmimi01
481,Al Simmons,7.4,1931,simmoal01
482,Jim Wynn,7.4,1965,wynnji01
483,César Cedeño,7.4,1973,cedence01
484,Johnny Mize,7.4,1940,mizejo01
485,Matt Olson,7.4,2023,olsonma02
486,Jackie Robinson,7.4,1950,robinja02
487,Marcus Semien,7.4,2023,semiema01
488,Miguel Tejada,7.4,2004,tejadmi01
489,Art Fletcher,7.4,1917,fletcar01
490,Eddie Mathews,7.4,1957,matheed01
491,Dave Parker,7.4,1977,parkeda01
492,Luke Appling,7.4,1943,applilu01
493,Brett Gardner,7.4,2010,gardnbr01
494,Home Run Baker,7.3,1914,bakerfr01
495,Robinson Canó,7.3,2016,canoro01
496,Manny Machado,7.3,2016,machama01
497,Hanley Ramírez,7.3,2009,ramirha01
498,Ryan Zimmerman,7.3,2009,zimmery01
499,Henry Aaron,7.3,1958,aaronha01
500,Frank Chance,7.3,1906,chancfr01
501,Bobby Grich,7.3,1974,grichbo01
502,Chipper Jones,7.3,2008,jonesch06
503,Manny Ramírez,7.3,1999,ramirma02
504,Hughie Jennings,7.3,1897,jennihu01
505,Heinie Manush,7.3,1928,manushe01
506,Roberto Alomar,7.3,2001,alomaro01
507,Ed Delahanty,7.3,1896,delahed01
508,Eddie Mathews,7.3,1960,matheed01
509,Kris Bryant,7.3,2016,bryankr01
510,Chase Utley,7.3,2006,utleych01
511,King Kelly,7.3,1886,kellyki01
512,Lloyd Moseby,7.3,1984,mosebll01
513,Ozzie Smith,7.3,1989,smithoz01
514,Arky Vaughan,7.3,1934,vaughar01
515,Carlton Fisk,7.3,1972,fiskca01
516,Bobby Grich,7.3,1975,grichbo01
517,Eddie Mathews,7.3,1961,matheed01
518,Magglio Ordóñez,7.3,2007,ordonma01
519,Mookie Betts,7.3,2019,bettsmo01
520,José Canseco,7.3,1988,cansejo01
521,Carlos Delgado,7.3,2000,delgaca01
522,Frank Thomas,7.3,1997,thomafr04
523,Nolan Arenado,7.3,2019,arenano01
524,Charlie Gehringer,7.3,1933,gehrich01
525,Alex Gordon,7.3,2011,gordoal01
526,Brian Roberts,7.3,2005,roberbr01
527,Chase Utley,7.3,2005,utleych01
528,Christian Yelich,7.3,2018,yelicch01
529,Lou Boudreau,7.3,1947,boudrlo01
530,Honus Wagner,7.3,1902,wagneho01
531,Robin Yount,7.3,1983,yountro01
532,Adrian Beltré,7.2,2012,beltrad01
533,Roberto Clemente,7.2,1971,clemero01
534,Roberto Clemente,7.2,1964,clemero01
535,Carlos Correa,7.2,2021,correca01
536,Josh Donaldson,7.2,2013,donaljo02
537,Josh Donaldson,7.2,2016,donaljo02
538,Darrell Evans,7.2,1974,evansda01
539,Stan Musial,7.2,1950,musiast01
540,Mel Ott,7.2,1935,ottme01
541,Mel Ott,7.2,1929,ottme01
542,Billy Herman,7.2,1936,hermabi01
543,Kenny Lofton,7.2,1994,loftoke01
544,Eddie Mathews,7.2,1955,matheed01
545,Don Mattingly,7.2,1986,mattido01
546,Thurman Munson,7.2,1973,munsoth01
547,Willie Stargell,7.2,1973,stargwi01
548,Mark Teixeira,7.2,2005,teixema01
549,Henry Aaron,7.2,1971,aaronha01
550,George Davis,7.2,1905,davisge01
551,Luke Appling,7.2,1936,applilu01
552,Billy Herman,7.2,1935,hermabi01
553,Mel Ott,7.2,1934,ottme01
554,Jim Edmonds,7.2,2004,edmonji01
555,Evan Longoria,7.2,2011,longoev01
556,John Mayberry,7.2,1975,maybejo01
557,George Davis,7.2,1904,davisge01
558,Barry Larkin,7.2,1996,larkiba01
559,Yadier Molina,7.2,2012,molinya01
560,Tony Pérez,7.2,1970,perezto01
561,Johnny Pesky,7.2,1946,peskyjo01
562,Paul Waner,7.2,1936,wanerpa01
563,Lance Johnson,7.2,1996,johnsla03
564,Mel Ott,7.2,1942,ottme01
565,Carlos Peña,7.2,2007,penaca01
566,Zoilo Versalles,7.2,1965,versazo01
567,Honus Wagner,7.2,1901,wagneho01
568,Roberto Clemente,7.2,1965,clemero01
569,Jeff Kent,7.2,2000,kentje01
570,Francisco Lindor,7.2,2018,lindofr01
571,Henry Aaron,7.2,1956,aaronha01
572,Jesse Burkett,7.2,1901,burkeje01
573,Lou Gehrig,7.2,1933,gehrilo01
574,Miguel Cabrera,7.1,2012,cabremi01
575,Earle Combs,7.1,1927,combsea01
576,Eddie Lake,7.1,1945,lakeed01
577,Joe Medwick,7.1,1936,medwijo01
578,Dale Murphy,7.1,1983,murphda05
579,Gary Carter,7.1,1983,cartega01
580,Matt Chapman,7.1,2024,chapmma01
581,Frankie Frisch,7.1,1923,friscfr01
582,Willie Keeler,7.1,1897,keelewi01
583,Eddie Murray,7.1,1984,murraed02
584,Juan Soto,7.1,2021,sotoju01
585,Ted Williams,7.1,1951,willite01
586,Bobby Ávila,7.1,1954,avilabo01
587,John McGraw,7.1,1898,mcgrajo01
588,Kirby Puckett,7.1,1992,puckeki01
589,Robin Yount,7.1,1980,yountro01
590,Bill Dahlen,7.1,1896,dahlebi01
591,Josh Donaldson,7.1,2015,donaljo02
592,Joe DiMaggio,7.1,1940,dimagjo01
593,Ken Griffey Jr.,7.1,1991,griffke02
594,Harry Heilmann,7.1,1927,heilmha01
595,Ryne Sandberg,7.1,1990,sandbry01
596,Marcus Semien,7.1,2021,semiema01
597,Jim Wynn,7.1,1969,wynnji01
598,Joe Cronin,7.1,1933,cronijo01
599,Andruw Jones,7.1,1999,jonesan01
600,Jeff Kent,7.1,2002,kentje01
601,Heinie Zimmerman,7.1,1912,zimmehe01
602,Cupid Childs,7.1,1892,childcu01
603,Harlond Clift,7.1,1937,cliftha01
604,Jack Glasscock,7.1,1890,glassja01
605,Toby Harrah,7.1,1975,harrato01
606,Anthony Rendon,7.1,2019,rendoan01
607,Tris Speaker,7.1,1915,speaktr01
608,Richie Ashburn,7.1,1954,ashburi01
609,Albert Belle,7.1,1998,belleal01
610,Roger Connor,7.1,1886,connoro01
611,Kevin Kiermaier,7.1,2015,kiermke01
612,Paul Waner,7.1,1927,wanerpa01
613,Nomar Garciaparra,7.1,1998,garcino01
614,David Wright,7.1,2012,wrighda03
615,Paul Blair,7.1,1969,blairpa01
616,Chris Davis,7.1,2013,davisch02
617,Jason Giambi,7.1,2002,giambja01
618,Dick Groat,7.1,1963,groatdi01
619,Vladimir Guerrero,7.1,2002,guerrvl01
620,Joe Jackson,7.1,1916,jacksjo01
621,Jimmy Sheckard,7.1,1903,sheckji01
622,Bill Bradley,7.0,1903,bradlbi01
623,Chipper Jones,7.0,1998,jonesch06
624,Barry Larkin,7.0,1988,larkiba01
625,Evan Longoria,7.0,2009,longoev01
626,Edgar Martínez,7.0,1995,martied01
627,Mike Schmidt,7.0,1984,schmimi01
628,Jack Glasscock,7.0,1886,glassja01
629,Brian Jordan,7.0,1998,jordabr01
630,Tony Oliva,7.0,1970,olivato01
631,Mike Piazza,7.0,1993,piazzmi01
632,Ryne Sandberg,7.0,1991,sandbry01
633,Lorenzo Cain,7.0,2015,cainlo01
634,Joe Kelley,7.0,1896,kellejo01
635,Richie Ashburn,7.0,1958,ashburi01
636,Eddie Collins,7.0,1916,collied01
637,Carlos Correa,7.0,2016,correca01
638,Heinie Groh,7.0,1917,grohhe01
639,Ian Kinsler,7.0,2011,kinslia01
640,Dave Parker,7.0,1978,parkeda01
641,Cleon Jones,7.0,1969,jonescl01
642,Willie McCovey,7.0,1968,mccovwi01
643,Rod Carew,7.0,1973,carewro01
644,Larry Doby,7.0,1952,dobyla01
645,Bill North,7.0,1973,northbi01
646,Gavy Cravath,7.0,1915,cravaga01
647,Carlton Fisk,7.0,1977,fiskca01
648,Harry Heilmann,7.0,1925,heilmha01
649,Frank Thomas,7.0,1992,thomafr04
650,Frank Thomas,7.0,1991,thomafr04
651,Carl Crawford,7.0,2010,crawfca02
652,Shawn Green,7.0,2001,greensh01
653,José Ramírez,7.0,2017,ramirjo01
654,Harry Steinfeldt,7.0,1906,steinha01
655,Randy Velarde,7.0,1999,velarra01
656,Joey Votto,7.0,2010,vottojo01
657,Albert Belle,7.0,1995,belleal01
658,Carlos Beltrán,7.0,2008,beltrca01
659,Pete Rose,7.0,1976,rosepe01
660,Cap Anson,7.0,1886,ansonca01
661,Luke Appling,7.0,1935,applilu01
662,José Bautista,7.0,2010,bautijo02
663,Michael Brantley,7.0,2014,brantmi02
664,Eddie Joost,7.0,1949,joosted01
665,Dustin Pedroia,7.0,2008,pedrodu01
666,Hardy Richardson,7.0,1886,richaha01
667,Trevor Story,7.0,2019,storytr01
668,Christian Yelich,7.0,2019,yelicch01
669,Wally Berger,6.9,1933,bergewa01
670,Jimmy Collins,6.9,1898,colliji01
671,Josh Donaldson,6.9,2014,donaljo02
672,Shawn Green,6.9,2002,greensh01
673,Andrew McCutchen,6.9,2012,mccutan01
674,Corey Seager,6.9,2023,seageco01
675,Don Buford,6.9,1965,bufordo01
676,Adrián González,6.9,2009,gonzaad01
677,Kevin Mitchell,6.9,1989,mitchke01
678,Ted Williams,6.9,1955,willite01
679,Brady Anderson,6.9,1996,anderbr01
680,Gary Carter,6.9,1985,cartega01
681,Bill Freehan,6.9,1968,freehbi01
682,Ken Griffey Jr.,6.9,1994,griffke02
683,Chipper Jones,6.9,1999,jonesch06
684,Ketel Marte,6.9,2019,marteke01
685,Mike Trout,6.9,2017,troutmi01
686,Dave Bancroft,6.9,1920,bancrda01
687,Buddy Bell,6.9,1979,bellbu01
688,Darren Daulton,6.9,1992,daultda01
689,Joe DiMaggio,6.9,1948,dimagjo01
690,Jimmie Foxx,6.9,1930,foxxji01
691,Lou Gehrig,6.9,1926,gehrilo01
692,Adrián González,6.9,2011,gonzaad01
693,Goose Goslin,6.9,1926,gosligo01
694,Monte Irvin,6.9,1951,irvinmo01
695,Howard Johnson,6.9,1989,johnsho01
696,Sherry Magee,6.9,1907,mageesh01
697,Mickey Mantle,6.9,1954,mantlmi01
698,Rafael Palmeiro,6.9,1993,palmera01
699,Tris Speaker,6.9,1922,speaktr01
700,Earl Averill,6.9,1936,averiea01
701,José Bautista,6.9,2014,bautijo02
702,Frankie Frisch,6.9,1921,friscfr01
703,Rickey Henderson,6.9,1983,henderi01
704,Dwayne Murphy,6.9,1980,murphdw01
705,Tip O'Neill,6.9,1887,o'neiti01
706,Jackie Robinson,6.9,1953,robinja02
707,Willie Wells,6.9,1927,wellswi99
708,Jimmy Williams,6.9,1899,williji01
709,Ed Delahanty,6.9,1893,delahed01
710,Jim Gentile,6.9,1961,gentiji01
711,Roger Maris,6.9,1961,marisro01
712,Arky Vaughan,6.9,1940,vaughar01
713,Cap Anson,6.9,1888,ansonca01
714,Babe Herman,6.9,1930,hermaba01
715,Francisco Lindor,6.9,2024,lindofr01
716,Ryan Braun,6.9,2012,braunry02
717,Roy Campanella,6.9,1951,camparo01
718,Kiki Cuyler,6.9,1925,cuyleki01
719,George Davis,6.9,1897,davisge01
720,Andre Dawson,6.9,1980,dawsoan01
721,Ed Delahanty,6.9,1895,delahed01
722,Solly Hemus,6.9,1952,hemusso01
723,AJ Pollock,6.9,2015,polloaj01
724,Vern Stephens,6.9,1949,stephve01
725,Lorenzo Cain,6.9,2018,cainlo01
726,Harry Heilmann,6.9,1921,heilmha01
727,Mike Schmidt,6.9,1983,schmimi01
728,Lance Berkman,6.9,2008,berkmla01
729,Andre Dawson,6.9,1983,dawsoan01
730,Jason Heyward,6.9,2015,heywaja01
731,Frank Robinson,6.9,1957,robinfr02
732,David Wright,6.9,2008,wrighda03
733,Jesse Barfield,6.8,1985,barfije01
734,Ken Boyer,6.8,1960,boyerke01
735,Hugh Duffy,6.8,1894,duffyhu01
736,Yordan Alvarez,6.8,2022,alvaryo01
737,Brett Butler,6.8,1988,butlebr01
738,Dolph Camilli,6.8,1941,camildo01
739,Roy Campanella,6.8,1953,camparo01
740,Lonny Frey,6.8,1940,freylo01
741,Benny Kauff,6.8,1915,kauffbe01
742,Gary Sheffield,6.8,2003,sheffga01
743,Ty Cobb,6.8,1907,cobbty01
744,Nomar Garciaparra,6.8,2002,garcino01
745,José Ramírez,6.8,2021,ramirjo01
746,Enos Slaughter,6.8,1942,slaugen01
747,Roy White,6.8,1970,whitero01
748,Earl Averill,6.8,1934,averiea01
749,Carlos Beltrán,6.8,2004,beltrca01
750,Rod Carew,6.8,1976,carewro01
751,Joe Cronin,6.8,1931,cronijo01
752,José Ramírez,6.8,2024,ramirjo01
753,Henry Aaron,6.8,1964,aaronha01
754,Rogers Hornsby,6.8,1923,hornsro01
755,Ketel Marte,6.8,2024,marteke01
756,Phil Rizzuto,6.8,1950,rizzuph01
757,Paul Blair,6.8,1967,blairpa01
758,Cecil Cooper,6.8,1980,coopece01
759,Doug DeCinces,6.8,1978,decindo01
760,Ed Delahanty,6.8,1902,delahed01
761,Julio Franco,6.8,1990,francju01
762,Javy López,6.8,2003,lopezja01
763,Tony Oliva,6.8,1964,olivato01
764,Mel Ott,6.8,1937,ottme01
765,Paul Waner,6.8,1928,wanerpa01
766,Chris Hoiles,6.8,1993,hoilech01
767,Orlando Cepeda,6.8,1967,cepedor01
768,Pedro Guerrero,6.8,1982,guerrpe01
769,Henry Aaron,6.8,1968,aaronha01
770,Charlie Keller,6.8,1942,kellech01
771,Chuck Knoblauch,6.8,1997,knoblch01
772,Álex Rodríguez,6.8,2008,rodrial01
773,George Sisler,6.8,1918,sislege01
774,Alan Trammell,6.8,1984,trammal01
775,Jimmie Foxx,6.8,1939,foxxji01
776,Hank Greenberg,6.8,1940,greenha01
777,Cecil Travis,6.8,1941,travice01
778,Troy Tulowitzki,6.8,2007,tulowtr01
779,Zack Wheat,6.8,1924,wheatza01
780,Lou Whitaker,6.8,1991,whitalo01
781,Nolan Arenado,6.7,2017,arenano01
782,Andruw Jones,6.7,2005,jonesan01
783,Sherry Magee,6.7,1910,mageesh01
784,Tim Raines,6.7,1987,raineti01
785,Willie Wells,6.7,1930,wellswi99
786,Rich Aurilia,6.7,2001,aurilri01
787,Ty Cobb,6.7,1922,cobbty01
788,Hanley Ramírez,6.7,2008,ramirha01
789,Reggie Smith,6.7,1970,smithre06
790,Mookie Betts,6.7,2022,bettsmo01
791,Jack Glasscock,6.7,1889,glassja01
792,Reggie Jackson,6.7,1975,jacksre01
793,Red Rolfe,6.7,1939,rolfere01
794,Robin Ventura,6.7,1999,venturo01
795,Ron Cey,6.7,1975,ceyro01
796,Ty Cobb,6.7,1921,cobbty01
797,J.D. Martinez,6.7,2018,martijd02
798,Jim Edmonds,6.7,2002,edmonji01
799,Troy Tulowitzki,6.7,2010,tulowtr01
800,Adrian Beltré,6.7,2016,beltrad01
801,Robinson Canó,6.7,2007,canoro01
802,Dwight Evans,6.7,1981,evansdw01
803,Rickey Henderson,6.7,1982,henderi01
804,Manny Machado,6.7,2022,machama01
805,Dave Parker,6.7,1979,parkeda01
806,Richie Ashburn,6.7,1951,ashburi01
807,Bobby Bonds,6.7,1971,bondsbo01
808,Carlos Correa,6.7,2017,correca01
809,Larry Doby,6.7,1950,dobyla01
810,Vladimir Guerrero Jr.,6.7,2021,guerrvl02
811,Rogers Hornsby,6.7,1919,hornsro01
812,Chuck Knoblauch,6.7,1995,knoblch01
813,George Scott,6.7,1973,scottge02
814,Kyle Seager,6.7,2016,seageky01
815,Eddie Stanky,6.7,1946,stanked01
816,Alan Trammell,6.7,1990,trammal01
817,Lou Whitaker,6.7,1983,whitalo01
818,Jimmy Collins,6.7,1901,colliji01
819,Tony Gwynn,6.7,1986,gwynnto01
820,Rickey Henderson,6.7,1981,henderi01
821,Eddie Murray,6.7,1983,murraed02
822,Scott Rolen,6.7,1998,rolensc01
823,Red Schoendienst,6.7,1953,schoere01
824,Roy White,6.7,1971,whitero01
825,Ernie Banks,6.7,1957,bankser01
826,Elmer Flick,6.7,1901,flickel01
827,Brian Giles,6.7,1999,gilesbr02
828,Denis Menke,6.7,1964,menkede01
829,Bill Nicholson,6.7,1943,nichobi01
830,Greg Vaughn,6.7,1993,vaughgr01
831,Ted Williams,6.7,1939,willite01
832,Will Clark,6.7,1988,clarkwi02
833,Cal Ripken Jr.,6.7,1986,ripkeca01
834,Cal Ripken Jr.,6.7,1989,ripkeca01
835,Grady Sizemore,6.7,2006,sizemgr01
836,Bobby Veach,6.7,1919,veachbo01
837,Roberto Alomar,6.6,1992,alomaro01
838,Keith Hernandez,6.6,1980,hernake01
839,Ron Santo,6.6,1963,santoro01
840,Joey Votto,6.6,2013,vottojo01
841,Robinson Canó,6.6,2013,canoro01
842,Ken Griffey Jr.,6.6,1998,griffke02
843,Fred McGriff,6.6,1989,mcgrifr01
844,Johnny Mize,6.6,1948,mizejo01
845,Fernando Tatis Jr.,6.6,2021,tatisfe02
846,Arky Vaughan,6.6,1933,vaughar01
847,Joey Votto,6.6,2011,vottojo01
848,Dick Bartell,6.6,1937,bartedi01
849,Rick Wilkins,6.6,1993,wilkiri01
850,Johnny Bench,6.6,1975,benchjo01
851,Bert Campaneris,6.6,1968,campabe01
852,Cliff Floyd,6.6,2001,floydcl01
853,Charlie Keller,6.6,1943,kellech01
854,Charlie Keller,6.6,1941,kellech01
855,Johnny Mize,6.6,1937,mizejo01
856,Grady Sizemore,6.6,2005,sizemgr01
857,Bill Bradley,6.6,1902,bradlbi01
858,Matt Carpenter,6.6,2013,carpema01
859,Adam Eaton,6.6,2016,eatonad02
860,Nomar Garciaparra,6.6,1997,garcino01
861,Joe Gordon,6.6,1947,gordojo01
862,Kenny Lofton,6.6,1992,loftoke01
863,Mickey Mantle,6.6,1959,mantlmi01
864,Reggie Sanders,6.6,1995,sandere02
865,Ozzie Smith,6.6,1988,smithoz01
866,John Ward,6.6,1887,wardjo01
867,Dan Brouthers,6.6,1888,broutda01
868,Ed Delahanty,6.6,1901,delahed01
869,Nomar Garciaparra,6.6,1999,garcino01
870,Albert Pujols,6.6,2001,pujolal01
871,Willie Randolph,6.6,1980,randowi01
872,Tim Salmon,6.6,1995,salmoti01
873,Bill Terry,6.6,1931,terrybi01
874,Javier Báez,6.6,2019,baezja01
875,Charlie Gehringer,6.6,1930,gehrich01
876,Franklin Gutierrez,6.6,2009,gutiefr01
877,Freddie Lindstrom,6.6,1930,lindsfr01
878,Pete Rose,6.6,1969,rosepe01
879,Al Simmons,6.6,1925,simmoal01
880,Ted Williams,6.6,1940,willite01
881,Carl Yastrzemski,6.6,1963,yastrca01
882,Fred Clarke,6.6,1897,clarkfr01
883,Lenny Dykstra,6.6,1993,dykstle01
884,Lonny Frey,6.6,1939,freylo01
885,Thurman Munson,6.6,1975,munsoth01
886,Tris Speaker,6.6,1921,speaktr01
887,Bobby Abreu,6.6,2004,abreubo01
888,Honus Wagner,6.6,1911,wagneho01
889,Billy Williams,6.6,1970,willibi01
890,Felipe Alou,6.6,1968,aloufe01
891,Eddie Collins,6.6,1911,collied01
892,Billy Hamilton,6.6,1891,hamilbi01
893,Toby Harrah,6.6,1982,harrato01
894,Jim Ray Hart,6.6,1966,hartji01
895,Derek Jeter,6.6,2009,jeterde01
896,Willie McCovey,6.6,1970,mccovwi01
897,Dale Murphy,6.6,1980,murphda05
898,Buddy Myer,6.6,1935,myerbu01
899,Mel Ott,6.6,1930,ottme01
900,J.T. Realmuto,6.6,2022,realmjt01
901,Bobby Veach,6.6,1917,veachbo01
902,Kevin Youkilis,6.6,2009,youklke01
903,Bill Dickey,6.5,1937,dickebi01
904,Cecil Fielder,6.5,1990,fieldce01
905,Hank Greenberg,6.5,1946,greenha01
906,Iván Rodríguez,6.5,1997,rodriiv01
907,Bob Johnson,6.5,1939,johnsbo01
908,Al Kaline,6.5,1956,kalinal01
909,Joe Kelley,6.5,1894,kellejo01
910,Shane Mack,6.5,1992,macksh01
911,Frank Robinson,6.5,1956,robinfr02
912,Tris Speaker,6.5,1925,speaktr01
913,Troy Tulowitzki,6.5,2009,tulowtr01
914,Ross Youngs,6.5,1920,youngro01
915,Earl Averill,6.5,1931,averiea01
916,Mark Belanger,6.5,1976,belanma01
917,Buddy Bell,6.5,1980,bellbu01
918,Craig Biggio,6.5,1998,biggicr01
919,George Burns,6.5,1914,burnsge01
920,Freddie Freeman,6.5,2023,freemfr01
921,Ron Gant,6.5,1993,gantro01
922,Joe Gordon,6.5,1948,gordojo01
923,Stan Hack,6.5,1945,hackst01
924,Edgar Martínez,6.5,1996,martied01
925,Edgar Martínez,6.5,1992,martied01
926,Giancarlo Stanton,6.5,2014,stantmi03
927,Ty Cobb,6.5,1918,cobbty01
928,Kirk Gibson,6.5,1988,gibsoki01
929,Hank Greenberg,6.5,1938,greenha01
930,Andruw Jones,6.5,2002,jonesan01
931,Al Kaline,6.5,1958,kalinal01
932,Lou Klein,6.5,1943,kleinlo01
933,Bobby Murcer,6.5,1971,murcebo01
934,Anthony Rendon,6.5,2014,rendoan01
935,Lance Berkman,6.5,2001,berkmla01
936,Gary Carter,6.5,1980,cartega01
937,Stan Musial,6.5,1954,musiast01
938,Vada Pinson,6.5,1959,pinsova01
939,Willie Wells,6.5,1929,wellswi99
940,Sal Bando,6.5,1973,bandosa01
941,Juan González,6.5,1993,gonzaju03
942,Donie Bush,6.5,1909,bushdo01
943,Elmer Flick,6.5,1906,flickel01
944,Joe Gordon,6.5,1943,gordojo01
945,Goose Goslin,6.5,1924,gosligo01
946,Billy Grabarkewitz,6.5,1970,grababi01
947,Mitch Haniger,6.5,2018,hanigmi01
948,Eddie Mathews,6.5,1958,matheed01
949,Ben Oglivie,6.5,1980,oglivbe01
950,Honus Wagner,6.5,1900,wagneho01
951,Richie Ashburn,6.5,1953,ashburi01
952,Miguel Cabrera,6.5,2010,cabremi01
953,Don Mattingly,6.5,1985,mattido01
954,Tim Raines,6.5,1984,raineti01
955,Carlos Beltrán,6.5,2001,beltrca01
956,Rafael Furcal,6.5,2005,furcara02
957,Nap Lajoie,6.5,1909,lajoina01
958,Willie McCovey,6.5,1963,mccovwi01
959,Sammy Sosa,6.5,1998,sosasa01
960,Andy Van Slyke,6.5,1988,vanslan01
961,Bob Elliott,6.5,1947,elliobo01
962,Dwight Evans,6.5,1982,evansdw01
963,Harmon Killebrew,6.5,1967,killeha01
964,Mark McGwire,6.5,1992,mcgwima01
965,Jonathan Schoop,6.5,2017,schoojo01
966,Harry Walker,6.5,1947,walkeha01
967,Cap Anson,6.4,1889,ansonca01
968,Javier Báez,6.4,2018,baezja01
969,Joe DiMaggio,6.4,1942,dimagjo01
970,Chuck Klein,6.4,1930,kleinch01
971,Anthony Rizzo,6.4,2015,rizzoan01
972,Billy Williams,6.4,1963,willibi01
973,Home Run Baker,6.4,1911,bakerfr01
974,Bill Bradley,6.4,1904,bradlbi01
975,Goose Goslin,6.4,1925,gosligo01
976,Tony Lazzeri,6.4,1927,lazzeto01
977,Mark McGwire,6.4,1996,mcgwima01
978,Scott Rolen,6.4,2002,rolensc01
979,Ron Santo,6.4,1968,santoro01
980,Ozzie Smith,6.4,1987,smithoz01
981,Bernie Williams,6.4,1995,willibe02
982,Tommie Agee,6.4,1966,ageeto01
983,Bob Allison,6.4,1964,allisbo01
984,Wade Boggs,6.4,1991,boggswa01
985,Bob Cerv,6.4,1958,cervbo01
986,Oscar Charleston,6.4,1922,charlos99
987,Brian Giles,6.4,2000,gilesbr02
988,Shawn Green,6.4,1999,greensh01
989,Jason Heyward,6.4,2010,heywaja01
990,Reggie Jackson,6.4,1971,jacksre01
991,Johnny Mize,6.4,1938,mizejo01
992,Mickey Rivers,6.4,1976,rivermi01
993,Iván Rodríguez,6.4,1998,rodriiv01
994,Aurelio Rodríguez,6.4,1970,rodriau01
995,Jean Segura,6.4,2016,segurje01
996,Darryl Strawberry,6.4,1987,strawda01
997,Dolph Camilli,6.4,1939,camildo01
998,Eddie Collins,6.4,1923,collied01
999,Mike Donlin,6.4,1905,donlimi01
1000,Luis Gonzalez,6.4,1999,gonzalu01
